region,last_updated,temperature_celsius,temperature_fahrenheit,condition_text,wind_mph,wind_kph,wind_degree,wind_direction,pressure_mb,pressure_in,precip_mm,precip_in,humidity,cloud,feels_like_celsius,feels_like_fahrenheit,visibility_km,visibility_miles,uv_index,gust_mph,gust_kph,CO,O3,NOx,SO2,PM2_5,PM10,air_quality_us_epa_index,air_quality_gb_defra_index,sunrise,sunset,moonrise,moonset,moon_phase,moon_illumination,NH3
Delhi,2023-12-12 01:15:00.000000 UTC,12.0,53.6,Mist,2.2,3.6,10,N,1015,29.97,0.0,0.0,82,0,11.8,53.3,1.8,1,1,6.7,10.8,4592.9,0.0,100.1,115.4,420.7,613.8,6,10,7:03 AM,5:25 PM,5:15 AM,3:54 PM,Waning Crescent,5,41.99715
Delhi,2023-12-12 01:15:00.000000 UTC,12.0,53.6,Mist,2.2,3.6,10,N,1015,29.97,0.0,0.0,82,0,12.0,53.6,1.8,1,1,5.7,9.2,7797.2,0.0,186.4,236.5,572.5,709.6,6,10,7:03 AM,5:25 PM,5:15 AM,3:54 PM,Waning Crescent,5,41.99715
Delhi,2023-12-16 01:00:00.000000 UTC,12.0,53.6,Mist,2.2,3.6,10,N,1018,30.06,0.0,0.0,77,25,12.5,54.4,1.7,1,1,3.4,5.4,3685.0,0.1,102.8,59.1,444.4,513.6,6,10,7:06 AM,5:26 PM,9:29 AM,7:48 PM,Waxing Crescent,5,41.99715
Delhi,2023-12-16 01:00:00.000000 UTC,12.0,53.6,Mist,2.2,3.6,10,N,1018,30.06,0.0,0.0,77,25,12.0,53.6,1.7,1,1,6.2,10.0,2430.0,6.9,72.7,19.6,362.8,460.7,6,10,7:06 AM,5:26 PM,9:28 AM,7:48 PM,Waxing Crescent,5,41.99715
Delhi,2023-12-14 01:00:00.000000 UTC,13.0,55.4,Mist,2.2,3.6,10,N,1017,30.03,0.0,0.0,77,0,12.7,54.8,1.6,0,1,8.6,13.9,1602.2,15.9,41.8,9.4,232.8,283.7,5,10,7:04 AM,5:25 PM,7:26 AM,5:36 PM,New Moon,0,41.99715
Delhi,2023-12-14 01:00:00.000000 UTC,13.0,55.4,Mist,2.2,3.6,10,N,1017,30.03,0.0,0.0,77,0,12.8,55.1,1.6,0,1,7.5,12.1,1922.6,10.5,47.3,14.8,265.5,306.4,6,10,7:05 AM,5:26 PM,7:26 AM,5:36 PM,New Moon,0,41.99715
Delhi,2023-12-17 00:45:00.000000 UTC,13.0,55.4,Mist,3.8,6.1,30,NNE,1017,30.03,0.0,0.0,72,0,13.2,55.7,2.5,1,1,5.8,9.4,1602.2,22.7,36.3,11.3,304.6,366.9,6,10,7:06 AM,5:26 PM,10:19 AM,8:58 PM,Waxing Crescent,12,41.99715
Delhi,2023-12-17 00:45:00.000000 UTC,13.0,55.4,Mist,3.8,6.1,30,NNE,1017,30.03,0.0,0.0,72,0,13.6,56.4,2.5,1,1,8.3,13.3,3845.2,0.0,94.6,30.0,459.0,563.8,6,10,7:07 AM,5:27 PM,10:19 AM,8:58 PM,Waxing Crescent,12,41.99715
Delhi,2023-12-15 00:45:00.000000 UTC,13.0,55.4,Mist,2.2,3.6,10,N,1018,30.06,0.0,0.0,67,25,13.0,55.3,2.5,1,1,6.8,10.9,1709.0,3.4,45.2,11.7,237.7,279.4,5,10,7:05 AM,5:26 PM,8:30 AM,6:39 PM,Waxing Crescent,2,41.99715
Delhi,2023-12-15 00:45:00.000000 UTC,13.0,55.4,Mist,2.2,3.6,10,N,1018,30.06,0.0,0.0,67,25,12.8,55.1,2.5,1,1,7.8,12.6,1842.5,0.4,50.0,9.2,239.2,302.8,5,10,7:05 AM,5:26 PM,8:30 AM,6:39 PM,Waxing Crescent,2,41.99715
Delhi,2023-12-10 01:00:00.000000 UTC,13.0,55.4,Mist,3.8,6.1,240,WSW,1015,29.97,0.0,0.0,82,0,12.5,54.5,2.0,1,1,8.9,14.3,988.0,34.7,25.0,6.3,99.1,114.6,4,10,7:02 AM,5:25 PM,3:16 AM,2:41 PM,Waning Crescent,17,41.99715
Delhi,2023-12-10 01:00:00.000000 UTC,13.0,55.4,Mist,3.8,6.1,240,WSW,1015,29.97,0.0,0.0,82,0,12.5,54.6,2.0,1,1,8.9,14.4,1094.8,41.1,24.7,8.5,143.6,164.3,4,10,7:02 AM,5:24 PM,3:15 AM,2:41 PM,Waning Crescent,17,41.99715
Delhi,2023-12-11 01:15:00.000000 UTC,13.0,55.4,Mist,2.2,3.6,10,N,1015,29.97,0.0,0.0,77,0,12.9,55.2,1.9,1,1,7.2,11.6,1148.2,35.1,29.1,8.8,130.4,165.2,4,10,7:02 AM,5:24 PM,4:13 AM,3:14 PM,Waning Crescent,10,41.99715
Delhi,2023-12-11 01:15:00.000000 UTC,13.0,55.4,Mist,2.2,3.6,10,N,1015,29.97,0.0,0.0,77,0,13.0,55.3,1.9,1,1,6.6,10.5,1041.4,26.8,30.9,6.3,111.1,140.3,4,10,7:03 AM,5:25 PM,4:13 AM,3:15 PM,Waning Crescent,10,41.99715
Delhi,2023-12-13 01:00:00.000000 UTC,14.0,57.2,Mist,3.8,6.1,40,NE,1015,29.97,0.0,0.0,82,0,14.2,57.6,2.2,1,1,5.9,9.4,6622.3,0.0,124.8,118.3,569.3,787.2,6,10,7:04 AM,5:26 PM,6:20 AM,4:41 PM,New Moon,1,41.99715
Delhi,2023-12-13 01:00:00.000000 UTC,14.0,57.2,Mist,3.8,6.1,40,NE,1015,29.97,0.0,0.0,82,0,14.1,57.3,2.2,1,1,7.0,11.3,2243.0,0.8,52.8,16.2,293.6,398.1,6,10,7:04 AM,5:25 PM,6:20 AM,4:40 PM,New Moon,1,41.99715
Delhi,2023-12-06 01:30:00.000000 UTC,14.0,57.2,Mist,2.2,3.6,10,N,1017,30.03,0.0,0.0,82,0,13.7,56.6,1.5,0,1,8.8,14.1,1815.8,0.7,43.9,10.0,183.6,237.2,5,10,6:59 AM,5:24 PM,No moonrise,12:50 PM,Last Quarter,52,41.99715
Delhi,2023-12-06 01:30:00.000000 UTC,14.0,57.2,Mist,2.2,3.6,10,N,1017,30.03,0.0,0.0,82,0,13.8,56.8,1.5,0,1,8.0,12.9,1895.9,0.3,40.4,7.9,215.3,251.9,5,10,6:59 AM,5:24 PM,No moonrise,12:51 PM,Last Quarter,52,41.99715
Delhi,2023-11-15 04:15:00.000000 UTC,14.0,57.2,Fog,3.8,6.1,250,WSW,1018,30.06,0.0,0.0,94,50,14.1,57.3,1.0,0,1,6.5,10.4,1615.5,7.2,31.5,9.8,172.6,200.5,5,10,6:42 AM,5:29 PM,7:32 AM,6:01 PM,Waxing Crescent,0,41.99715
Delhi,2023-11-15 04:15:00.000000 UTC,14.0,57.2,Fog,3.8,6.1,250,WSW,1018,30.06,0.0,0.0,94,50,14.0,57.1,1.0,0,1,7.2,11.6,1789.1,2.6,37.7,8.7,178.4,220.3,5,10,6:42 AM,5:28 PM,7:31 AM,6:01 PM,Waxing Crescent,0,41.99715
Delhi,2023-12-09 00:45:00.000000 UTC,15.0,59.0,Mist,2.2,3.6,328,NNW,1016,30.0,0.0,0.0,82,0,15.0,58.9,2.2,1,1,8.7,13.9,1789.1,8.2,41.1,7.9,234.2,268.5,5,10,7:01 AM,5:25 PM,2:20 AM,2:11 PM,Waning Crescent,25,41.99715
Delhi,2023-12-09 00:45:00.000000 UTC,15.0,59.0,Mist,2.2,3.6,327,NNW,1016,30.0,0.0,0.0,82,0,15.1,59.1,2.2,1,1,8.1,13.0,1895.9,7.2,45.9,7.9,259.9,311.0,6,10,7:01 AM,5:24 PM,2:20 AM,2:11 PM,Waning Crescent,25,41.99715
Delhi,2023-11-24 01:15:00.000000 UTC,15.0,59.0,Mist,2.2,3.6,10,N,1015,29.97,0.0,0.0,77,0,15.3,59.5,1.3,0,1,6.7,10.8,2964.0,12.3,56.9,33.9,387.8,499.4,6,10,6:49 AM,5:25 PM,2:44 PM,2:22 AM,Waxing Gibbous,78,41.99715
Delhi,2023-11-24 01:15:00.000000 UTC,15.0,59.0,Mist,2.2,3.6,10,N,1015,29.97,0.0,0.0,77,0,15.4,59.8,1.3,0,1,5.7,9.1,6355.3,0.0,172.7,47.7,570.2,680.3,6,10,6:50 AM,5:25 PM,2:44 PM,2:22 AM,Waxing Gibbous,78,41.99715
Delhi,2023-12-08 01:15:00.000000 UTC,15.0,59.0,Mist,2.2,3.6,10,N,1016,30.0,0.0,0.0,82,0,15.3,59.5,1.6,0,1,6.5,10.5,2189.6,2.0,46.6,7.8,294.8,329.8,6,10,7:01 AM,5:25 PM,1:28 AM,1:44 PM,Waning Crescent,34,41.99715
Delhi,2023-12-08 01:15:00.000000 UTC,15.0,59.0,Mist,2.2,3.6,10,N,1016,30.0,0.0,0.0,82,0,15.3,59.5,1.6,0,1,6.6,10.6,2590.2,0.3,48.0,10.1,314.9,378.1,6,10,7:00 AM,5:24 PM,1:27 AM,1:44 PM,Waning Crescent,34,41.99715
Delhi,2023-11-26 01:30:00.000000 UTC,16.0,60.8,Mist,2.2,3.6,10,N,1018,30.06,0.0,0.0,77,50,16.0,60.8,1.6,0,1,3.4,5.4,2082.8,4.2,59.6,27.4,287.2,383.0,6,10,6:51 AM,5:24 PM,3:52 PM,4:29 AM,Waxing Gibbous,93,41.99715
Delhi,2023-11-26 01:30:00.000000 UTC,16.0,60.8,Mist,2.2,3.6,10,N,1018,30.06,0.0,0.0,77,50,16.0,60.8,1.6,0,1,2.0,3.3,4005.4,0.1,96.0,39.6,409.4,500.6,6,10,6:51 AM,5:25 PM,3:52 PM,4:30 AM,Waxing Gibbous,93,41.99715
Delhi,2023-11-23 01:00:00.000000 UTC,16.0,60.8,Mist,4.3,6.8,120,ESE,1014,29.94,0.0,0.0,82,0,16.0,60.8,1.5,0,1,7.4,11.8,1949.3,3.8,48.7,12.5,200.8,260.4,5,10,6:48 AM,5:25 PM,2:12 PM,1:19 AM,Waxing Gibbous,67,41.99715
Delhi,2023-11-23 01:00:00.000000 UTC,16.0,60.8,Mist,4.3,6.8,120,ESE,1014,29.94,0.0,0.0,82,0,16.0,60.8,1.5,0,1,7.2,11.7,1735.7,12.3,44.6,13.2,192.8,231.7,5,10,6:49 AM,5:26 PM,2:12 PM,1:19 AM,Waxing Gibbous,67,41.99715
Delhi,2023-11-29 01:30:00.000000 UTC,16.0,60.8,Mist,2.2,3.6,10,N,1015,29.97,0.0,0.0,94,50,16.0,60.8,2.1,1,1,7.4,11.9,4058.8,0.0,68.6,32.0,311.4,395.9,6,10,6:54 AM,5:24 PM,6:03 PM,7:47 AM,Waning Gibbous,99,41.99715
Delhi,2023-11-29 01:30:00.000000 UTC,16.0,60.8,Mist,2.2,3.6,10,N,1015,29.97,0.0,0.0,94,50,16.0,60.8,2.1,1,1,8.9,14.4,1455.3,3.5,33.2,10.4,109.9,163.5,4,10,6:53 AM,5:24 PM,6:02 PM,7:46 AM,Waning Gibbous,99,41.99715
Delhi,2023-11-21 01:30:00.000000 UTC,16.0,60.8,Mist,2.2,3.6,10,N,1018,30.06,0.0,0.0,77,0,16.0,60.8,2.5,1,1,8.7,14.0,1548.8,17.4,40.1,10.7,235.4,286.9,5,10,6:47 AM,5:26 PM,1:03 PM,No moonset,First Quarter,45,41.99715
Delhi,2023-11-21 01:30:00.000000 UTC,16.0,60.8,Mist,2.2,3.6,10,N,1018,30.06,0.0,0.0,77,0,16.0,60.8,2.5,1,1,7.7,12.3,1815.8,8.4,44.6,16.9,253.1,292.1,6,10,6:47 AM,5:26 PM,1:03 PM,No moonset,First Quarter,45,41.99715
Delhi,2023-12-07 01:30:00.000000 UTC,16.0,60.8,Mist,2.2,3.6,10,N,1017,30.03,0.0,0.0,72,0,16.0,60.8,2.8,1,1,6.2,9.9,2189.6,1.9,45.2,9.4,290.3,349.7,6,10,6:59 AM,5:24 PM,12:34 AM,1:17 PM,Waning Crescent,43,41.99715
Delhi,2023-12-07 01:30:00.000000 UTC,16.0,60.8,Mist,2.2,3.6,10,N,1017,30.03,0.0,0.0,72,0,16.0,60.8,2.8,1,1,5.7,9.2,2109.5,0.4,43.5,9.3,264.5,306.7,6,10,7:00 AM,5:24 PM,12:35 AM,1:18 PM,Waning Crescent,43,41.99715
Delhi,2023-12-05 01:15:00.000000 UTC,16.0,60.8,Overcast,2.2,3.6,10,N,1017,30.03,0.0,0.0,72,50,16.0,60.8,2.2,1,1,5.9,9.5,3311.2,0.2,64.4,49.1,386.2,496.7,6,10,6:58 AM,5:24 PM,11:42 PM,12:22 PM,Waning Gibbous,62,41.99715
Delhi,2023-12-05 01:15:00.000000 UTC,16.0,60.8,Overcast,2.2,3.6,10,N,1017,30.03,0.0,0.0,72,50,16.0,60.8,2.2,1,1,5.4,8.7,10681.2,0.0,160.4,97.3,854.8,1057.5,6,10,6:58 AM,5:24 PM,11:42 PM,12:22 PM,Waning Gibbous,62,41.99715
Delhi,2023-11-17 01:30:00.000000 UTC,16.0,60.8,Mist,2.2,3.6,10,N,1019,30.09,0.0,0.0,82,0,16.0,60.8,1.4,0,1,2.8,4.5,2670.3,0.2,69.9,28.9,259.4,321.3,6,10,6:44 AM,5:28 PM,9:41 AM,7:48 PM,Waxing Crescent,8,41.99715
Delhi,2023-11-22 01:00:00.000000 UTC,16.0,60.8,Mist,3.8,6.1,250,WSW,1015,29.97,0.0,0.0,77,0,16.0,60.8,1.2,0,1,10.6,17.1,1428.6,71.5,24.3,12.3,198.4,224.9,5,10,6:48 AM,5:25 PM,1:39 PM,12:13 AM,Waxing Gibbous,56,41.99715
Delhi,2023-11-22 01:00:00.000000 UTC,16.0,60.8,Mist,3.8,6.1,250,WSW,1015,29.97,0.0,0.0,77,0,16.0,60.8,1.2,0,1,11.1,17.9,1415.3,80.8,22.3,14.1,197.3,216.1,5,10,6:48 AM,5:26 PM,1:39 PM,12:14 AM,Waxing Gibbous,56,41.99715
Delhi,2023-11-17 01:15:00.000000 UTC,16.0,60.8,Mist,2.2,3.6,10,N,1019,30.09,0.0,0.0,82,0,16.0,60.8,1.4,0,1,5.3,8.6,2857.2,0.6,112.4,72.5,350.1,480.1,6,10,6:44 AM,5:27 PM,9:41 AM,7:48 PM,Waxing Crescent,8,41.99715
Delhi,2023-11-28 01:15:00.000000 UTC,16.0,60.8,Mist,5.6,9.0,70,ENE,1016,30.0,0.03,0.0,94,50,16.0,60.8,1.2,0,1,5.3,8.5,1668.9,22.5,33.2,16.5,267.0,319.9,6,10,6:52 AM,5:24 PM,5:13 PM,6:41 AM,Full Moon,100,41.99715
Delhi,2023-11-28 01:15:00.000000 UTC,16.0,60.8,Mist,5.6,9.0,70,ENE,1016,30.0,0.02,0.0,94,50,16.0,60.8,1.2,0,1,4.7,7.6,12176.5,0.0,160.4,51.0,1329.2,1537.8,6,10,6:53 AM,5:24 PM,5:14 PM,6:41 AM,Full Moon,100,41.99715
Delhi,2023-11-18 01:30:00.000000 UTC,17.0,62.6,Mist,2.2,3.6,10,N,1016,30.0,0.0,0.0,88,25,17.0,62.6,1.2,0,1,5.6,9.0,3471.4,1.9,141.2,77.3,410.0,584.3,6,10,6:44 AM,5:27 PM,10:41 AM,8:51 PM,Waxing Crescent,15,41.99715
Delhi,2023-11-18 01:30:00.000000 UTC,17.0,62.6,Mist,2.2,3.6,10,N,1016,30.0,0.0,0.0,88,25,17.0,62.6,1.2,0,1,4.7,7.6,6248.5,0.0,200.2,177.4,717.8,837.5,6,10,6:45 AM,5:27 PM,10:41 AM,8:52 PM,Waxing Crescent,15,41.99715
Delhi,2023-11-16 01:45:00.000000 UTC,17.0,62.6,Mist,2.2,3.6,10,N,1018,30.06,0.0,0.0,83,0,17.0,62.6,1.2,0,1,5.3,8.6,2296.5,0.9,58.3,20.3,210.9,287.4,5,10,6:43 AM,5:27 PM,8:36 AM,6:50 PM,Waxing Crescent,3,41.99715
Delhi,2023-11-16 01:45:00.000000 UTC,17.0,62.6,Mist,2.2,3.6,10,N,1018,30.06,0.0,0.0,83,0,17.0,62.6,1.2,0,1,3.2,5.1,1869.2,3.0,50.7,14.8,184.0,225.8,5,10,6:43 AM,5:28 PM,8:36 AM,6:51 PM,Waxing Crescent,3,41.99715
Delhi,2023-11-27 01:15:00.000000 UTC,17.0,62.6,Overcast,2.2,3.6,10,N,1016,30.0,0.0,0.0,68,75,17.0,62.6,1.5,0,1,3.3,5.4,6141.7,0.0,153.5,77.3,705.1,861.2,6,10,6:52 AM,5:25 PM,4:30 PM,5:36 AM,Waxing Gibbous,98,41.99715
Delhi,2023-11-27 01:15:00.000000 UTC,17.0,62.6,Overcast,2.2,3.6,10,N,1016,30.0,0.0,0.0,68,75,17.0,62.6,1.5,0,1,5.3,8.5,2082.8,12.3,41.8,21.2,381.1,474.1,6,10,6:52 AM,5:24 PM,4:30 PM,5:35 AM,Waxing Gibbous,98,41.99715
Delhi,2023-11-20 01:30:00.000000 UTC,17.0,62.6,Mist,2.2,3.6,10,N,1017,30.03,0.0,0.0,83,0,17.0,62.6,2.1,1,1,1.2,1.9,9719.9,0.0,266.0,289.9,770.5,914.2,6,10,6:46 AM,5:26 PM,12:22 PM,11:07 PM,Waxing Crescent,34,41.99715
Delhi,2023-11-20 01:30:00.000000 UTC,17.0,62.6,Mist,2.2,3.6,10,N,1017,30.03,0.0,0.0,83,0,17.0,62.6,2.1,1,1,4.0,6.4,2563.5,1.1,67.2,72.5,339.1,461.0,6,10,6:46 AM,5:26 PM,12:22 PM,11:07 PM,Waxing Crescent,34,41.99715
Delhi,2023-11-25 01:00:00.000000 UTC,17.0,62.6,Overcast,3.8,6.1,140,SE,1017,30.03,0.0,0.0,68,0,17.0,62.6,1.5,0,1,6.0,9.6,1789.1,26.5,39.8,10.0,329.7,376.3,6,10,6:50 AM,5:24 PM,3:17 PM,3:26 AM,Waxing Gibbous,86,41.99715
Delhi,2023-11-25 01:00:00.000000 UTC,17.0,62.6,Overcast,3.8,6.1,140,SE,1017,30.03,0.0,0.0,68,0,17.0,62.6,1.5,0,1,4.9,8.0,1922.6,24.3,38.0,13.4,347.9,386.1,6,10,6:50 AM,5:25 PM,3:17 PM,3:26 AM,Waxing Gibbous,86,41.99715
Delhi,2023-12-01 00:45:00.000000 UTC,18.0,64.4,Mist,2.5,4.0,10,N,1018,30.06,0.0,0.0,88,50,18.0,64.4,1.2,0,1,8.8,14.2,1548.8,24.7,36.0,10.4,220.2,261.9,5,10,6:55 AM,5:24 PM,7:54 PM,9:44 AM,Waning Gibbous,92,41.99715
Delhi,2023-12-01 00:45:00.000000 UTC,18.0,64.4,Mist,2.5,4.0,10,N,1018,30.06,0.0,0.0,88,50,18.0,64.4,1.2,0,1,8.7,13.9,2109.5,3.2,49.4,13.4,268.0,307.3,6,10,6:55 AM,5:24 PM,7:55 PM,9:44 AM,Waning Gibbous,92,41.99715
Delhi,2023-11-11 01:30:00.000000 UTC,18.0,64.4,Mist,2.2,3.6,10,N,1017,30.03,0.0,0.0,88,50,18.0,64.4,1.4,0,1,4.0,6.4,1735.7,6.4,48.7,16.9,115.5,165.9,4,10,6:39 AM,5:31 PM,3:38 AM,3:45 PM,Waning Crescent,11,41.99715
Delhi,2023-11-11 01:30:00.000000 UTC,18.0,64.4,Mist,2.2,3.6,10,N,1017,30.03,0.0,0.0,88,50,18.0,64.4,1.4,0,1,5.8,9.3,934.6,31.5,26.4,8.4,54.4,86.4,3,7,6:39 AM,5:30 PM,3:38 AM,3:44 PM,Waning Crescent,11,41.99715
Delhi,2023-12-04 02:15:00.000000 UTC,18.0,64.4,Mist,2.2,3.6,10,N,1017,30.03,0.0,0.0,83,75,18.0,64.4,1.6,0,1,2.4,3.9,1789.1,11.0,37.0,10.0,205.6,229.9,5,10,6:58 AM,5:24 PM,10:48 PM,11:51 AM,Waning Gibbous,71,41.99715
Delhi,2023-12-04 02:15:00.000000 UTC,18.0,64.4,Mist,2.2,3.6,10,N,1017,30.03,0.0,0.0,83,75,18.0,64.4,1.6,0,1,4.4,7.1,1602.2,22.0,30.2,7.0,198.3,228.8,5,10,6:57 AM,5:24 PM,10:47 PM,11:51 AM,Waning Gibbous,71,41.99715
Delhi,2023-11-06 01:45:00.000000 UTC,19.0,66.2,Mist,2.2,3.6,10,N,1016,30.0,0.0,0.0,83,0,19.0,66.2,1.3,0,1,6.7,10.8,1255.0,5.2,39.8,11.6,95.3,144.6,4,10,6:35 AM,5:33 PM,No moonrise,1:19 PM,Last Quarter,53,41.99715
Delhi,2023-11-06 01:45:00.000000 UTC,19.0,66.2,Mist,2.2,3.6,10,N,1016,30.0,0.0,0.0,83,0,19.0,66.2,1.3,0,1,2.4,3.8,1415.3,8.2,39.4,16.9,107.4,138.7,4,10,6:35 AM,5:34 PM,No moonrise,1:19 PM,Last Quarter,53,41.99715
Delhi,2023-11-19 01:15:00.000000 UTC,19.0,66.2,Overcast,2.2,3.6,10,N,1016,30.0,0.0,0.0,64,25,19.0,66.2,2.1,1,1,2.3,3.7,2697.0,0.0,106.9,42.9,328.3,377.0,6,10,6:46 AM,5:27 PM,11:36 AM,9:59 PM,Waxing Crescent,24,41.99715
Delhi,2023-11-19 01:15:00.000000 UTC,19.0,66.2,Overcast,2.2,3.6,10,N,1016,30.0,0.0,0.0,64,25,19.0,66.2,2.1,1,1,1.6,2.6,6568.9,0.0,205.6,190.7,613.3,747.6,6,10,6:45 AM,5:26 PM,11:35 AM,9:59 PM,Waxing Crescent,24,41.99715
Delhi,2023-10-17 02:30:00.000000 UTC,19.0,66.2,Mist,6.9,11.2,80,E,1015,29.97,0.0,0.0,94,50,19.0,66.2,3.0,1,1,8.9,14.4,774.4,37.9,43.5,48.6,61.5,74.3,3,8,6:22 AM,5:51 PM,7:39 AM,6:44 PM,Waxing Crescent,2,41.99715
Delhi,2023-10-17 02:30:00.000000 UTC,19.0,66.2,Mist,6.9,11.2,80,E,1015,29.97,0.01,0.0,94,50,19.0,66.2,3.0,1,1,3.8,6.2,727.7,50.8,27.1,27.9,58.7,65.8,3,7,6:22 AM,5:51 PM,7:39 AM,6:44 PM,Waxing Crescent,2,41.99715
Delhi,2023-10-28 02:00:00.000000 UTC,20.0,68.0,Mist,2.2,3.6,10,N,1014,29.94,0.0,0.0,60,0,20.0,68.0,3.0,1,1,3.0,4.8,1789.1,2.0,43.9,8.4,147.9,204.5,4,10,6:29 AM,5:40 PM,4:45 PM,4:35 AM,Waxing Gibbous,95,41.99715
Delhi,2023-10-28 02:00:00.000000 UTC,20.0,68.0,Mist,2.2,3.6,10,N,1014,29.94,0.0,0.0,60,0,20.0,68.0,3.0,1,1,2.9,4.6,2643.6,0.1,54.2,17.6,198.0,244.2,5,10,6:29 AM,5:41 PM,4:46 PM,4:35 AM,Waxing Gibbous,95,41.99715
Delhi,2023-11-05 01:45:00.000000 UTC,20.0,68.0,Mist,2.2,3.6,10,N,1014,29.94,0.0,0.0,94,25,20.0,68.0,1.5,0,1,2.2,3.6,2349.9,0.1,59.6,17.9,162.0,233.8,5,10,6:35 AM,5:35 PM,11:06 PM,12:40 PM,Waning Gibbous,63,41.99715
Delhi,2023-11-05 01:45:00.000000 UTC,20.0,68.0,Mist,2.2,3.6,10,N,1014,29.94,0.0,0.0,94,25,20.0,68.0,1.5,0,1,4.3,6.8,1361.9,13.1,40.1,15.7,116.6,180.5,4,10,6:34 AM,5:34 PM,11:06 PM,12:40 PM,Waning Gibbous,63,41.99715
Delhi,2023-10-29 02:45:00.000000 UTC,20.0,68.0,Mist,2.2,3.6,10,N,1014,29.94,0.0,0.0,73,50,20.0,68.0,2.2,1,1,5.9,9.4,4486.1,0.0,66.5,26.9,333.1,406.4,6,10,6:30 AM,5:40 PM,5:20 PM,5:41 AM,Full Moon,99,41.99715
Delhi,2023-10-29 02:45:00.000000 UTC,20.0,68.0,Mist,2.2,3.6,10,N,1014,29.94,0.0,0.0,73,50,20.0,68.0,2.2,1,1,6.1,9.9,1949.3,0.1,47.3,16.7,177.9,258.6,5,10,6:29 AM,5:39 PM,5:20 PM,5:41 AM,Full Moon,99,41.99715
Delhi,2023-10-21 02:30:00.000000 UTC,20.0,68.0,Mist,2.2,3.6,10,N,1015,29.97,0.0,0.0,73,0,20.0,68.0,3.0,1,1,3.6,5.9,1922.6,3.2,36.0,10.1,152.1,182.3,5,10,6:24 AM,5:47 PM,11:48 AM,9:54 PM,Waxing Crescent,27,41.99715
Delhi,2023-10-21 02:15:00.000000 UTC,20.0,68.0,Mist,2.2,3.6,10,N,1015,29.97,0.0,0.0,73,0,20.0,68.0,3.0,1,1,4.6,7.5,1482.0,16.6,31.2,7.2,125.8,164.7,4,10,6:24 AM,5:47 PM,11:48 AM,9:54 PM,Waxing Crescent,27,41.99715
Delhi,2023-12-02 01:00:00.000000 UTC,20.0,68.0,Clear,4.5,7.2,345,NNW,1016,29.99,0.0,0.0,52,21,20.0,68.0,10.0,6,1,7.4,12.0,1682.3,1.3,40.4,7.4,168.9,216.1,5,10,6:56 AM,5:24 PM,8:53 PM,10:32 AM,Waning Gibbous,86,41.99715
Delhi,2023-10-23 02:15:00.000000 UTC,21.0,69.8,Mist,2.2,3.6,10,N,1016,30.0,0.0,0.0,78,0,21.0,69.8,2.5,1,1,4.4,7.0,2456.7,0.0,35.6,19.6,239.3,281.4,5,10,6:26 AM,5:45 PM,1:38 PM,No moonset,First Quarter,48,41.99715
Delhi,2023-10-23 02:15:00.000000 UTC,21.0,69.8,Mist,2.2,3.6,10,N,1016,30.0,0.0,0.0,78,0,21.0,69.8,2.5,1,1,3.8,6.2,2216.3,0.0,35.0,13.4,241.3,326.4,5,10,6:25 AM,5:45 PM,1:37 PM,No moonset,First Quarter,48,41.99715
Delhi,2023-10-18 02:30:00.000000 UTC,21.0,69.8,Mist,4.3,6.8,290,WNW,1016,30.0,0.0,0.0,78,50,21.0,69.8,2.5,1,1,4.7,7.6,2430.0,0.1,59.0,33.4,251.2,299.8,6,10,6:23 AM,5:50 PM,8:39 AM,7:22 PM,Waxing Crescent,5,41.99715
Delhi,2023-10-18 02:30:00.000000 UTC,21.0,69.8,Mist,4.3,6.8,290,WNW,1016,30.0,0.0,0.0,78,50,21.0,69.8,2.5,1,1,7.5,12.0,1535.4,17.4,38.4,12.0,154.9,200.3,5,10,6:22 AM,5:50 PM,8:39 AM,7:21 PM,Waxing Crescent,5,41.99715
Delhi,2023-11-03 02:15:00.000000 UTC,21.0,69.8,Mist,2.2,3.6,10,N,1013,29.91,0.0,0.0,83,0,21.0,69.8,1.0,0,1,3.0,4.9,1201.6,24.3,29.8,10.7,101.8,128.1,4,10,6:33 AM,5:36 PM,9:11 PM,11:03 AM,Waning Gibbous,81,41.99715
Delhi,2023-11-03 02:15:00.000000 UTC,21.0,69.8,Mist,2.2,3.6,10,N,1013,29.91,0.0,0.0,83,0,21.0,69.8,1.0,0,1,2.8,4.5,1148.2,25.8,30.5,9.1,101.4,133.7,4,10,6:33 AM,5:35 PM,9:10 PM,11:03 AM,Waning Gibbous,81,41.99715
Delhi,2023-11-08 01:45:00.000000 UTC,21.0,69.8,Mist,2.2,3.6,10,N,1014,29.94,0.0,0.0,78,0,21.0,69.8,1.1,0,1,7.6,12.2,1335.1,8.4,41.5,9.9,108.0,164.7,4,10,6:37 AM,5:32 PM,12:58 AM,2:22 PM,Waning Crescent,35,41.99715
Delhi,2023-11-08 01:45:00.000000 UTC,21.0,69.8,Mist,2.2,3.6,10,N,1014,29.94,0.0,0.0,78,0,21.0,69.8,1.1,0,1,5.2,8.4,1642.2,4.7,46.6,15.0,125.9,171.6,4,10,6:37 AM,5:32 PM,12:58 AM,2:23 PM,Waning Crescent,35,41.99715
Delhi,2023-11-01 02:15:00.000000 UTC,21.0,69.8,Mist,2.2,3.6,10,N,1017,30.03,0.0,0.0,83,25,21.0,69.8,2.2,1,1,7.2,11.7,1922.6,0.7,43.5,22.9,199.5,300.3,5,10,6:31 AM,5:37 PM,7:24 PM,9:00 AM,Waning Gibbous,94,41.99715
Delhi,2023-11-01 02:15:00.000000 UTC,21.0,69.8,Mist,2.2,3.6,10,N,1017,30.03,0.0,0.0,83,25,21.0,69.8,2.2,1,1,6.3,10.1,3898.6,0.0,83.6,50.6,311.6,449.4,6,10,6:32 AM,5:38 PM,7:25 PM,9:01 AM,Waning Gibbous,94,41.99715
Delhi,2023-10-27 02:30:00.000000 UTC,21.0,69.8,Mist,2.2,3.6,10,N,1014,29.94,0.0,0.0,60,0,21.0,69.8,2.5,1,1,6.2,9.9,1148.2,59.4,24.0,13.5,118.2,141.1,4,10,6:28 AM,5:42 PM,4:12 PM,3:30 AM,Waxing Gibbous,89,41.99715
Delhi,2023-10-27 02:30:00.000000 UTC,21.0,69.8,Mist,2.2,3.6,10,N,1014,29.94,0.0,0.0,60,0,21.0,69.8,2.5,1,1,6.9,11.1,1094.8,55.1,24.7,12.2,117.2,145.3,4,10,6:28 AM,5:41 PM,4:12 PM,3:30 AM,Waxing Gibbous,89,41.99715
Delhi,2023-10-19 02:30:00.000000 UTC,21.0,69.8,Mist,4.3,6.8,300,WNW,1015,29.97,0.0,0.0,69,0,21.0,69.8,3.2,1,1,7.5,12.1,1121.5,18.4,27.8,8.6,98.9,120.7,4,10,6:23 AM,5:49 PM,9:42 AM,8:05 PM,Waxing Crescent,11,41.99715
Delhi,2023-10-19 02:30:00.000000 UTC,21.0,69.8,Mist,4.3,6.8,300,WNW,1015,29.97,0.0,0.0,69,0,21.0,69.8,3.2,1,1,8.1,13.0,1161.6,13.1,29.8,8.6,101.4,133.7,4,10,6:23 AM,5:49 PM,9:42 AM,8:04 PM,Waxing Crescent,11,41.99715
Delhi,2023-10-22 02:30:00.000000 UTC,21.0,69.8,Mist,2.2,3.6,10,N,1016,30.0,0.0,0.0,69,0,21.0,69.8,2.8,1,1,6.6,10.6,1682.3,3.2,36.0,7.2,154.7,198.7,5,10,6:25 AM,5:46 PM,12:45 PM,10:58 PM,Waxing Crescent,37,41.99715
Delhi,2023-10-22 02:30:00.000000 UTC,21.0,69.8,Mist,2.2,3.6,10,N,1016,30.0,0.0,0.0,69,0,21.0,69.8,2.8,1,1,6.6,10.6,2029.4,0.9,39.8,10.7,172.8,203.9,5,10,6:25 AM,5:46 PM,12:46 PM,10:59 PM,Waxing Crescent,37,41.99715
Delhi,2023-11-09 01:30:00.000000 UTC,21.0,69.8,Overcast,2.2,3.6,10,N,1014,29.94,0.0,0.0,69,0,21.0,69.8,1.8,1,1,7.5,12.0,1442.0,31.5,35.6,13.7,123.2,165.7,4,10,6:38 AM,5:32 PM,1:52 AM,2:51 PM,Waning Crescent,26,41.99715
Delhi,2023-11-09 01:30:00.000000 UTC,21.0,69.8,Overcast,2.2,3.6,10,N,1014,29.94,0.0,0.0,69,0,21.0,69.8,1.8,1,1,9.9,15.9,1308.4,32.5,33.9,9.2,117.0,166.9,4,10,6:37 AM,5:31 PM,1:52 AM,2:50 PM,Waning Crescent,26,41.99715
Delhi,2023-10-25 02:30:00.000000 UTC,21.0,69.8,Mist,2.2,3.6,10,N,1014,29.94,0.0,0.0,64,0,21.0,69.8,2.8,1,1,2.9,4.6,1215.0,34.7,26.4,8.2,106.9,140.7,4,10,6:27 AM,5:43 PM,3:02 PM,1:15 AM,Waxing Gibbous,71,41.99715
Delhi,2023-10-25 02:30:00.000000 UTC,21.0,69.8,Mist,2.2,3.6,10,N,1014,29.94,0.0,0.0,64,0,21.0,69.8,2.8,1,1,0.8,1.2,1335.1,31.1,27.1,10.9,114.6,143.0,4,10,6:27 AM,5:43 PM,3:03 PM,1:16 AM,Waxing Gibbous,71,41.99715
Delhi,2023-11-04 01:45:00.000000 UTC,21.0,69.8,Mist,2.2,3.6,10,N,1013,29.91,0.0,0.0,83,0,21.0,69.8,1.5,0,1,5.5,8.9,1255.0,15.7,36.3,7.9,103.1,157.5,4,10,6:34 AM,5:35 PM,10:08 PM,11:55 AM,Waning Gibbous,72,41.99715
Delhi,2023-11-04 01:45:00.000000 UTC,21.0,69.8,Mist,2.2,3.6,10,N,1013,29.91,0.0,0.0,83,0,21.0,69.8,1.5,0,1,4.2,6.7,1468.7,19.3,38.7,13.6,119.5,163.8,4,10,6:34 AM,5:35 PM,10:08 PM,11:55 AM,Waning Gibbous,72,41.99715
Delhi,2023-10-20 02:30:00.000000 UTC,21.0,69.8,Mist,2.2,3.6,10,N,1016,30.0,0.0,0.0,69,0,21.0,69.8,3.5,2,1,5.5,8.8,1789.1,0.3,33.9,10.9,144.8,204.7,4,10,6:23 AM,5:48 PM,10:45 AM,8:55 PM,Waxing Crescent,18,41.99715
Delhi,2023-10-20 02:30:00.000000 UTC,21.0,69.8,Mist,2.2,3.6,10,N,1016,30.0,0.0,0.0,69,0,21.0,69.8,3.5,2,1,4.8,7.8,2216.3,0.0,33.2,13.4,172.5,216.3,5,10,6:24 AM,5:48 PM,10:45 AM,8:56 PM,Waxing Crescent,18,41.99715
Delhi,2023-11-07 01:45:00.000000 UTC,21.0,69.8,Overcast,2.2,3.6,10,N,1016,30.0,0.0,0.0,73,0,21.0,69.8,2.1,1,1,6.0,9.6,1575.5,6.8,52.1,31.5,149.2,234.1,4,10,6:36 AM,5:33 PM,12:02 AM,1:53 PM,Waning Crescent,44,41.99715
Delhi,2023-11-07 01:45:00.000000 UTC,21.0,69.8,Overcast,2.2,3.6,10,N,1016,30.0,0.0,0.0,73,0,21.0,69.8,2.1,1,1,2.5,4.0,4219.1,0.0,113.8,58.7,284.5,412.3,6,10,6:36 AM,5:33 PM,12:03 AM,1:53 PM,Waning Crescent,44,41.99715
Delhi,2023-11-02 02:00:00.000000 UTC,21.0,69.8,Mist,2.2,3.6,10,N,1016,30.0,0.0,0.0,78,0,21.0,69.8,2.1,1,1,2.8,4.4,1682.3,6.4,39.4,15.5,161.0,201.1,5,10,6:33 AM,5:37 PM,8:15 PM,10:04 AM,Waning Gibbous,88,41.99715
Delhi,2023-11-02 02:00:00.000000 UTC,21.0,69.8,Mist,2.2,3.6,10,N,1016,30.0,0.0,0.0,78,0,21.0,69.8,2.1,1,1,4.2,6.7,1482.0,8.9,37.4,9.7,146.3,197.0,4,10,6:32 AM,5:36 PM,8:15 PM,10:04 AM,Waning Gibbous,88,41.99715
Delhi,2023-10-26 02:00:00.000000 UTC,22.0,71.6,Mist,3.8,6.1,270,W,1015,29.97,0.0,0.0,61,0,23.6,74.4,2.5,1,1,9.7,15.6,1014.7,78.0,17.1,11.2,115.0,137.5,4,10,6:27 AM,5:42 PM,3:39 PM,2:23 AM,Waxing Gibbous,81,41.99715
Delhi,2023-10-26 02:00:00.000000 UTC,22.0,71.6,Mist,3.8,6.1,270,W,1015,29.97,0.0,0.0,61,0,23.6,74.5,2.5,1,1,10.1,16.3,961.3,82.3,15.4,10.3,100.8,118.4,4,10,6:28 AM,5:43 PM,3:39 PM,2:23 AM,Waxing Gibbous,81,41.99715
Delhi,2023-10-24 02:15:00.000000 UTC,22.0,71.6,Mist,3.8,6.1,350,N,1014,29.94,0.0,0.0,65,0,23.8,74.8,3.0,1,1,7.8,12.6,1388.6,9.8,32.6,8.1,125.3,167.4,4,10,6:26 AM,5:44 PM,2:22 PM,12:06 AM,Waxing Gibbous,60,41.99715
Delhi,2023-10-24 02:15:00.000000 UTC,22.0,71.6,Mist,3.8,6.1,350,N,1014,29.94,0.0,0.0,65,0,23.4,74.2,3.0,1,1,6.1,9.9,1562.1,13.6,32.6,11.8,139.9,173.4,4,10,6:26 AM,5:44 PM,2:23 PM,12:07 AM,Waxing Gibbous,60,41.99715
Delhi,2023-10-30 02:00:00.000000 UTC,22.0,71.6,Overcast,2.2,3.6,10,N,1015,29.97,0.0,0.0,69,0,23.7,74.6,2.3,1,1,5.3,8.5,6034.9,0.0,72.7,28.9,494.9,626.6,6,10,6:30 AM,5:39 PM,5:57 PM,6:47 AM,Waning Gibbous,100,41.99715
Delhi,2023-10-30 02:00:00.000000 UTC,22.0,71.6,Overcast,2.2,3.6,10,N,1015,29.97,0.0,0.0,69,0,23.7,74.6,2.3,1,1,6.4,10.2,2109.5,0.1,29.8,12.2,242.9,339.6,5,10,6:30 AM,5:39 PM,5:57 PM,6:47 AM,Waning Gibbous,100,41.99715
Delhi,2023-11-10 01:45:00.000000 UTC,22.0,71.6,Fog,5.6,9.0,300,WNW,1016,30.0,0.0,0.0,83,75,22.9,73.2,0.6,0,1,6.2,9.9,1922.6,22.2,55.5,33.4,145.0,193.6,4,10,6:39 AM,5:31 PM,2:45 AM,3:18 PM,Waning Crescent,18,41.99715
Delhi,2023-11-10 01:45:00.000000 UTC,22.0,71.6,Fog,5.6,9.0,300,WNW,1016,30.0,0.0,0.0,83,75,23.0,73.5,0.6,0,1,8.3,13.4,1241.7,31.8,32.6,10.1,95.9,140.7,4,10,6:38 AM,5:31 PM,2:44 AM,3:17 PM,Waning Crescent,18,41.99715
Delhi,2023-10-03 03:45:00.000000 UTC,23.0,73.4,Mist,4.3,6.8,240,WSW,1008,29.77,0.0,0.0,61,0,23.4,74.0,3.0,1,1,0.4,0.7,881.2,44.4,20.6,9.3,82.1,118.1,4,10,6:14 AM,6:06 PM,8:05 PM,9:09 AM,Waning Gibbous,91,41.99715
Delhi,2023-10-05 03:00:00.000000 UTC,23.0,73.4,Mist,2.2,3.6,10,N,1008,29.77,0.0,0.0,73,0,24.0,75.2,3.0,1,1,5.1,8.3,1762.4,0.0,30.9,16.9,177.6,265.4,5,10,6:15 AM,6:04 PM,9:35 PM,11:19 AM,Waning Gibbous,75,41.99715
Delhi,2023-10-05 03:00:00.000000 UTC,23.0,73.4,Mist,2.2,3.6,10,N,1008,29.77,0.0,0.0,73,0,23.4,74.1,3.0,1,1,2.9,4.7,2189.6,0.0,32.6,18.1,201.4,262.2,5,10,6:15 AM,6:04 PM,9:36 PM,11:20 AM,Waning Gibbous,75,41.99715
Delhi,2023-10-03 03:30:00.000000 UTC,23.0,73.4,Mist,2.2,3.6,10,N,1008,29.77,0.0,0.0,61,0,23.2,73.7,3.0,1,1,2.4,3.8,1014.7,47.9,22.3,13.1,81.3,109.8,4,10,6:14 AM,6:06 PM,8:05 PM,9:10 AM,Waning Gibbous,91,41.99715
Delhi,2023-10-12 03:00:00.000000 UTC,23.0,73.4,Mist,2.5,4.0,220,SW,1011,29.85,0.0,0.0,61,0,22.7,72.8,3.5,2,1,7.2,11.6,1762.4,0.1,35.6,20.7,137.9,212.2,4,10,6:19 AM,5:56 PM,3:07 AM,4:21 PM,Waning Crescent,13,41.99715
Delhi,2023-10-12 02:45:00.000000 UTC,23.0,73.4,Mist,2.5,4.0,220,SW,1011,29.85,0.0,0.0,61,0,22.6,72.7,3.5,2,1,5.4,8.7,2483.4,0.0,45.9,21.7,191.7,247.0,5,10,6:19 AM,5:56 PM,3:07 AM,4:22 PM,Waning Crescent,13,41.99715
Delhi,2023-09-10 04:30:00.000000 UTC,24.0,75.2,Moderate or heavy rain with thunder,6.9,11.2,40,NE,1002,29.59,0.0,0.0,100,100,26.1,78.9,2.1,1,1,6.5,10.4,620.8,23.3,20.2,29.1,26.0,34.5,2,3,6:02 AM,6:33 PM,12:35 AM,3:20 PM,Waning Crescent,30,41.99715
Delhi,2023-09-10 04:30:00.000000 UTC,24.0,75.2,Moderate or heavy rain with thunder,6.9,11.2,40,NE,1002,29.59,0.1,0.0,100,100,26.0,78.8,2.1,1,1,6.5,10.4,721.0,3.9,38.0,44.4,39.0,47.9,2,4,6:03 AM,6:34 PM,12:36 AM,3:20 PM,Waning Crescent,30,41.99715
Delhi,2023-10-13 02:45:00.000000 UTC,24.0,75.2,Mist,2.2,3.6,10,N,1013,29.91,0.0,0.0,65,0,23.5,74.3,2.5,1,1,5.1,8.3,3631.6,0.0,62.4,21.0,263.7,328.7,6,10,6:20 AM,5:55 PM,4:01 AM,4:49 PM,Waning Crescent,7,41.99715
Delhi,2023-10-13 02:45:00.000000 UTC,24.0,75.2,Mist,2.2,3.6,10,N,1013,29.91,0.0,0.0,65,0,23.7,74.6,2.5,1,1,4.5,7.2,1789.1,0.5,39.4,13.0,151.1,220.5,5,10,6:19 AM,5:55 PM,4:00 AM,4:49 PM,Waning Crescent,7,41.99715
Delhi,2023-10-06 03:00:00.000000 UTC,24.0,75.2,Mist,2.2,3.6,151,SSE,1007,29.74,0.0,0.0,65,0,24.5,76.0,3.0,1,1,6.9,11.2,1762.4,0.4,39.4,14.1,162.7,216.4,5,10,6:16 AM,6:03 PM,10:27 PM,12:20 PM,Waning Gibbous,65,41.99715
Delhi,2023-10-06 03:00:00.000000 UTC,24.0,75.2,Mist,2.2,3.6,130,SE,1007,29.74,0.0,0.0,65,0,24.7,76.5,3.0,1,1,6.8,10.9,1762.4,1.0,35.3,13.2,181.9,260.0,5,10,6:15 AM,6:03 PM,10:27 PM,12:19 PM,Waning Gibbous,65,41.99715
Delhi,2023-10-04 03:15:00.000000 UTC,24.0,75.2,Mist,2.2,3.6,315,NW,1009,29.8,0.0,0.0,65,0,23.8,74.9,3.0,1,1,6.1,9.8,1388.6,12.3,29.8,13.2,151.3,190.4,5,10,6:15 AM,6:05 PM,8:48 PM,10:15 AM,Waning Gibbous,84,41.99715
Delhi,2023-10-04 03:15:00.000000 UTC,24.0,75.2,Mist,2.2,3.6,327,NNW,1009,29.8,0.0,0.0,65,0,24.1,75.3,3.0,1,1,8.3,13.3,1081.5,45.8,19.9,10.0,138.9,181.2,4,10,6:14 AM,6:05 PM,8:47 PM,10:15 AM,Waning Gibbous,84,41.99715
Delhi,2023-10-15 02:30:00.000000 UTC,24.0,75.2,Mist,2.2,3.6,10,N,1011,29.85,0.0,0.0,74,0,24.7,76.4,3.0,1,1,1.9,3.1,2269.8,0.0,45.2,16.2,177.4,308.4,5,10,6:20 AM,5:53 PM,5:47 AM,5:43 PM,New Moon,1,41.99715
Delhi,2023-10-15 02:30:00.000000 UTC,24.0,75.2,Mist,2.2,3.6,10,N,1011,29.85,0.0,0.0,74,0,24.3,75.7,3.0,1,1,1.5,2.3,4379.3,0.0,47.3,16.2,279.9,359.6,6,10,6:21 AM,5:53 PM,5:47 AM,5:43 PM,New Moon,1,41.99715
Delhi,2023-09-25 03:45:00.000000 UTC,25.0,77.0,Mist,2.2,3.6,10,N,1007,29.74,0.0,0.0,94,25,26.2,79.1,2.5,1,1,8.8,14.1,6835.9,0.0,57.6,122.1,483.7,651.8,6,10,6:10 AM,6:15 PM,2:51 PM,12:01 AM,Waxing Gibbous,63,41.99715
Delhi,2023-09-25 03:45:00.000000 UTC,25.0,77.0,Mist,2.2,3.6,10,N,1007,29.74,0.0,0.0,94,25,26.2,79.2,2.5,1,1,8.5,13.8,5127.0,0.0,30.9,41.5,311.0,395.3,6,10,6:10 AM,6:16 PM,2:51 PM,12:02 AM,Waxing Gibbous,63,41.99715
Delhi,2023-09-28 03:45:00.000000 UTC,25.0,77.0,Mist,3.8,6.1,240,WSW,1007,29.74,0.0,0.0,89,0,25.6,78.1,3.5,2,1,2.8,4.5,1228.3,10.6,25.7,8.8,115.2,161.8,4,10,6:11 AM,6:12 PM,5:06 PM,3:31 AM,Waxing Gibbous,91,41.99715
Delhi,2023-10-01 04:00:00.000000 UTC,25.0,77.0,Mist,2.2,3.6,10,N,1007,29.74,0.0,0.0,83,0,24.8,76.7,2.2,1,1,8.0,12.9,1094.8,12.0,20.6,6.9,130.4,170.9,4,10,6:13 AM,6:08 PM,6:51 PM,6:56 AM,Waning Gibbous,99,41.99715
Delhi,2023-10-01 04:00:00.000000 UTC,25.0,77.0,Mist,2.2,3.6,10,N,1007,29.74,0.0,0.0,83,0,24.7,76.4,2.2,1,1,7.4,12.0,1375.2,0.3,22.3,9.2,138.9,178.9,4,10,6:13 AM,6:09 PM,6:51 PM,6:56 AM,Waning Gibbous,99,41.99715
Delhi,2023-09-18 04:15:00.000000 UTC,25.0,77.0,Mist,5.6,9.0,100,E,1003,29.62,0.0,0.0,94,50,27.0,80.7,2.5,1,1,7.2,11.6,867.8,4.2,40.1,49.1,55.8,65.2,3,7,6:07 AM,6:24 PM,7:53 AM,7:40 PM,Waxing Crescent,3,41.99715
Delhi,2023-09-18 04:15:00.000000 UTC,25.0,77.0,Mist,5.6,9.0,100,E,1003,29.62,0.0,0.0,94,50,27.2,80.9,2.5,1,1,6.5,10.4,701.0,20.6,19.7,23.8,42.3,51.4,3,5,6:06 AM,6:24 PM,7:53 AM,7:40 PM,Waxing Crescent,3,41.99715
Delhi,2023-09-29 04:15:00.000000 UTC,25.0,77.0,Mist,3.8,6.1,230,SW,1007,29.74,0.0,0.0,83,0,25.5,77.8,3.0,1,1,4.7,7.6,3391.3,0.0,45.2,41.5,283.3,376.4,6,10,6:12 AM,6:11 PM,5:43 PM,4:41 AM,Waxing Gibbous,97,41.99715
Delhi,2023-09-29 04:15:00.000000 UTC,25.0,77.0,Mist,3.8,6.1,230,SW,1007,29.74,0.0,0.0,83,0,25.6,78.0,3.0,1,1,4.8,7.7,4913.3,0.0,68.6,94.4,383.3,501.9,6,10,6:12 AM,6:11 PM,5:42 PM,4:41 AM,Waxing Gibbous,97,41.99715
Delhi,2023-09-11 04:30:00.000000 UTC,25.0,77.0,Mist,5.6,9.0,50,NE,1002,29.59,0.0,0.0,94,75,27.8,82.0,2.5,1,1,7.8,12.6,974.7,8.6,44.6,43.4,56.7,69.4,3,7,6:03 AM,6:33 PM,1:32 AM,4:05 PM,Waning Crescent,22,41.99715
Delhi,2023-09-11 04:30:00.000000 UTC,25.0,77.0,Mist,5.6,9.0,50,NE,1002,29.59,0.0,0.0,94,75,27.8,82.1,2.5,1,1,7.4,11.9,1134.9,3.9,37.0,34.3,65.6,93.1,4,9,6:03 AM,6:32 PM,1:31 AM,4:05 PM,Waning Crescent,22,41.99715
Delhi,2023-09-24 04:00:00.000000 UTC,25.0,77.0,Mist,2.5,4.0,130,SE,1007,29.74,0.02,0.0,100,50,26.5,79.7,2.5,1,1,7.8,12.5,5821.2,0.0,56.2,16.0,552.7,619.2,6,10,6:10 AM,6:17 PM,1:54 PM,No moonset,Waxing Gibbous,52,41.99715
Delhi,2023-09-24 04:00:00.000000 UTC,25.0,77.0,Mist,2.5,4.0,130,SE,1007,29.74,0.0,0.0,100,50,26.4,79.5,2.5,1,1,7.2,11.7,5607.6,0.0,29.1,25.5,483.5,593.5,6,10,6:09 AM,6:17 PM,1:53 PM,No moonset,Waxing Gibbous,52,41.99715
Delhi,2023-10-14 02:30:00.000000 UTC,25.0,77.0,Mist,2.2,3.6,10,N,1012,29.88,0.0,0.0,69,0,24.7,76.4,2.8,1,1,6.4,10.2,9719.9,0.0,105.6,39.1,711.3,838.4,6,10,6:20 AM,5:54 PM,4:54 AM,5:16 PM,Waning Crescent,3,41.99715
Delhi,2023-10-14 02:30:00.000000 UTC,25.0,77.0,Mist,2.2,3.6,10,N,1012,29.88,0.0,0.0,69,0,24.9,76.8,2.8,1,1,7.4,11.9,5020.1,0.0,50.7,45.8,404.7,554.4,6,10,6:20 AM,5:54 PM,4:53 AM,5:16 PM,Waning Crescent,3,41.99715
Delhi,2023-09-09 04:30:00.000000 UTC,25.0,77.0,Moderate or heavy rain with thunder,6.9,11.2,50,NE,1005,29.68,0.7,0.03,94,100,27.1,80.9,1.6,0,1,9.8,15.8,1014.7,13.6,24.7,13.2,55.2,71.3,3,7,6:02 AM,6:35 PM,No moonrise,2:29 PM,Waning Crescent,39,41.99715
Delhi,2023-09-09 04:30:00.000000 UTC,25.0,77.0,Moderate or heavy rain with thunder,6.9,11.2,50,NE,1005,29.68,0.5,0.02,94,100,27.2,80.9,1.6,0,1,10.3,16.6,1348.5,5.2,36.7,23.1,78.7,106.4,4,10,6:02 AM,6:35 PM,No moonrise,2:28 PM,Waning Crescent,39,41.99715
Delhi,2023-10-02 03:15:00.000000 UTC,25.0,77.0,Mist,3.8,6.1,300,WNW,1007,29.74,0.0,0.0,69,0,24.8,76.6,3.0,1,1,8.6,13.9,1014.7,25.0,22.3,8.8,126.3,203.1,4,10,6:13 AM,6:07 PM,7:26 PM,8:03 AM,Waning Gibbous,96,41.99715
Delhi,2023-10-02 03:15:00.000000 UTC,25.0,77.0,Mist,3.8,6.1,300,WNW,1007,29.74,0.0,0.0,69,0,24.2,75.5,3.0,1,1,7.9,12.6,1522.1,9.1,38.4,17.9,151.6,222.8,5,10,6:14 AM,6:08 PM,7:27 PM,8:03 AM,Waning Gibbous,96,41.99715
Delhi,2023-09-28 03:45:00.000000 UTC,26.0,78.8,Mist,4.3,6.8,290,WNW,1008,29.77,0.0,0.0,84,0,26.2,79.2,3.5,2,1,0.4,0.6,1842.5,0.0,24.0,11.0,149.1,201.1,4,10,6:12 AM,6:12 PM,5:07 PM,3:32 AM,Waxing Gibbous,91,41.99715
Delhi,2023-10-16 02:30:00.000000 UTC,26.0,78.8,Mist,2.2,3.6,10,N,1010,29.83,0.04,0.0,65,50,25.9,78.7,3.2,1,1,9.4,15.1,1922.6,5.7,69.2,37.7,125.9,169.9,4,10,6:21 AM,5:52 PM,6:42 AM,6:12 PM,Waxing Crescent,0,41.99715
Delhi,2023-10-16 02:30:00.000000 UTC,26.0,78.8,Mist,2.2,3.6,10,N,1010,29.83,0.0,0.0,65,50,25.9,78.6,3.2,1,1,9.6,15.5,787.7,37.9,22.3,15.3,60.9,104.5,3,8,6:21 AM,5:52 PM,6:41 AM,6:11 PM,Waxing Crescent,0,41.99715
Delhi,2023-10-11 02:45:00.000000 UTC,26.0,78.8,Mist,4.3,6.8,320,NW,1010,29.83,0.0,0.0,70,0,26.3,79.3,2.5,1,1,8.2,13.2,1895.9,0.9,38.7,10.7,168.3,252.7,5,10,6:18 AM,5:57 PM,2:12 AM,3:52 PM,Waning Crescent,20,41.99715
Delhi,2023-10-11 02:45:00.000000 UTC,26.0,78.8,Mist,4.3,6.8,320,NW,1010,29.83,0.0,0.0,70,0,25.4,77.6,2.5,1,1,5.3,8.5,1602.2,0.9,37.4,10.4,141.6,202.5,4,10,6:19 AM,5:58 PM,2:13 AM,3:53 PM,Waning Crescent,20,41.99715
Delhi,2023-09-17 04:15:00.000000 UTC,26.0,78.8,Mist,6.9,11.2,70,ENE,1003,29.62,0.0,0.0,100,50,28.2,82.8,2.5,1,1,9.6,15.5,834.5,10.9,18.5,12.4,49.7,64.5,3,6,6:06 AM,6:25 PM,6:59 AM,7:12 PM,Waxing Crescent,1,41.99715
Delhi,2023-09-17 04:15:00.000000 UTC,26.0,78.8,Mist,6.9,11.2,70,ENE,1003,29.62,0.0,0.0,100,50,28.2,82.7,2.5,1,1,10.5,16.9,1041.4,2.4,39.8,41.0,65.8,76.9,4,9,6:06 AM,6:25 PM,7:00 AM,7:13 PM,Waxing Crescent,1,41.99715
Delhi,2023-09-12 04:30:00.000000 UTC,26.0,78.8,Mist,2.5,4.0,110,ESE,1002,29.59,0.0,0.0,94,50,28.4,83.1,3.0,1,1,4.9,7.9,1228.3,0.0,42.5,42.0,77.8,92.4,4,10,6:04 AM,6:31 PM,2:28 AM,4:45 PM,Waning Crescent,14,41.99715
Delhi,2023-09-12 04:30:00.000000 UTC,26.0,78.8,Mist,2.5,4.0,110,ESE,1002,29.59,0.0,0.0,94,50,28.5,83.4,3.0,1,1,5.8,9.4,1335.1,0.0,36.3,45.3,83.1,99.3,4,10,6:03 AM,6:31 PM,2:27 AM,4:45 PM,Waning Crescent,14,41.99715
Delhi,2023-10-07 02:45:00.000000 UTC,26.0,78.8,Mist,2.2,3.6,10,N,1007,29.74,0.0,0.0,61,0,25.2,77.4,3.0,1,1,6.5,10.4,1535.4,0.3,43.9,7.6,110.5,161.4,4,10,6:16 AM,6:02 PM,11:23 PM,1:15 PM,Last Quarter,56,41.99715
Delhi,2023-10-07 02:45:00.000000 UTC,26.0,78.8,Mist,2.2,3.6,10,N,1007,29.74,0.0,0.0,61,0,25.2,77.3,3.0,1,1,7.2,11.6,6088.3,0.0,69.9,42.4,452.8,620.2,6,10,6:16 AM,6:01 PM,11:22 PM,1:14 PM,Last Quarter,56,41.99715
Delhi,2023-09-30 03:15:00.000000 UTC,27.0,80.6,Mist,3.8,6.1,360,N,1007,29.74,0.0,0.0,74,0,26.8,80.3,3.2,1,1,1.9,3.1,4058.8,46.5,67.2,25.0,435.6,522.9,6,10,6:13 AM,6:10 PM,6:17 PM,5:50 AM,Full Moon,100,41.99715
Delhi,2023-09-30 03:15:00.000000 UTC,27.0,80.6,Mist,3.8,6.1,360,N,1007,29.74,0.0,0.0,74,0,27.3,81.1,3.2,1,1,3.2,5.1,4325.9,0.1,59.6,18.6,420.1,544.2,6,10,6:12 AM,6:09 PM,6:16 PM,5:49 AM,Full Moon,100,41.99715
Delhi,2023-09-23 04:00:00.000000 UTC,27.0,80.6,Mist,5.6,9.0,90,E,1006,29.71,0.0,0.0,100,50,28.5,83.3,2.2,1,1,7.0,11.3,2483.4,1.6,30.5,13.1,315.7,386.5,6,10,6:09 AM,6:18 PM,12:51 PM,10:59 PM,First Quarter,41,41.99715
Delhi,2023-09-23 03:45:00.000000 UTC,27.0,80.6,Mist,5.6,9.0,90,E,1006,29.71,0.0,0.0,100,50,28.4,83.1,2.2,1,1,8.5,13.8,5767.8,0.0,123.4,64.9,699.3,761.1,6,10,6:09 AM,6:18 PM,12:52 PM,11:00 PM,First Quarter,41,41.99715
Delhi,2023-09-08 04:45:00.000000 UTC,27.0,80.6,Mist,5.6,9.0,100,E,1005,29.68,0.0,0.0,79,75,28.4,83.0,2.5,1,1,6.9,11.2,1642.2,18.8,49.4,41.5,146.4,173.6,4,10,6:01 AM,6:36 PM,11:43 PM,1:32 PM,Waning Crescent,49,41.99715
Delhi,2023-09-08 04:30:00.000000 UTC,27.0,80.6,Mist,5.6,9.0,90,E,1005,29.68,0.0,0.0,79,75,28.4,83.0,2.5,1,1,7.2,11.5,881.2,44.4,14.4,9.4,82.9,94.6,4,10,6:02 AM,6:36 PM,11:44 PM,1:32 PM,Waning Crescent,49,41.99715
Delhi,2023-09-26 03:45:00.000000 UTC,27.0,80.6,Mist,2.2,3.6,10,N,1007,29.74,0.0,0.0,84,25,28.8,83.8,3.2,1,1,4.9,7.8,5500.8,0.0,80.2,103.0,455.3,638.1,6,10,6:10 AM,6:14 PM,3:42 PM,1:09 AM,Waxing Gibbous,74,41.99715
Delhi,2023-09-26 03:45:00.000000 UTC,27.0,80.6,Mist,2.2,3.6,10,N,1007,29.74,0.0,0.0,84,25,28.5,83.3,3.2,1,1,5.5,8.9,11642.5,0.0,56.2,33.9,899.5,1043.7,6,10,6:11 AM,6:15 PM,3:42 PM,1:10 AM,Waxing Gibbous,74,41.99715
Delhi,2023-09-27 03:45:00.000000 UTC,27.0,80.6,Mist,2.2,3.6,10,N,1009,29.8,0.0,0.0,84,0,28.0,82.4,3.0,1,1,5.9,9.5,3631.6,0.0,53.5,61.0,382.5,546.7,6,10,6:11 AM,6:13 PM,4:26 PM,2:20 AM,Waxing Gibbous,84,41.99715
Delhi,2023-09-27 03:45:00.000000 UTC,27.0,80.6,Mist,2.2,3.6,10,N,1009,29.8,0.0,0.0,84,0,27.9,82.2,3.0,1,1,3.0,4.8,9185.8,0.0,70.6,61.0,795.7,971.7,6,10,6:11 AM,6:13 PM,4:27 PM,2:20 AM,Waxing Gibbous,84,41.99715
Delhi,2023-09-03 05:15:00.000000 UTC,28.0,82.4,Mist,4.3,6.8,250,WSW,1004,29.65,0.0,0.0,84,0,27.2,80.9,3.5,2,1,11.4,18.4,263.7,65.1,5.5,4.8,13.4,29.2,1,2,6:00 AM,6:42 PM,8:23 PM,8:13 AM,Waning Gibbous,94,41.99715
Delhi,2023-09-03 05:15:00.000000 UTC,28.0,82.4,Mist,4.3,6.8,250,WSW,1004,29.65,0.0,0.0,84,0,27.3,81.1,3.5,2,1,8.9,14.4,400.5,37.6,12.9,9.7,18.5,39.3,2,2,5:59 AM,6:42 PM,8:22 PM,8:12 AM,Waning Gibbous,94,41.99715
Delhi,2023-10-08 02:45:00.000000 UTC,28.0,82.4,Mist,2.2,3.6,10,N,1008,29.77,0.0,0.0,74,0,27.3,81.1,3.5,2,1,8.8,14.1,6835.9,0.0,47.3,38.2,449.6,600.8,6,10,6:16 AM,6:00 PM,No moonrise,2:02 PM,Waning Crescent,46,41.99715
Delhi,2023-10-08 02:45:00.000000 UTC,28.0,82.4,Mist,2.2,3.6,10,N,1008,29.77,0.0,0.0,74,0,27.1,80.8,3.5,2,1,10.6,17.0,1375.2,0.1,34.3,11.4,78.0,122.7,4,10,6:17 AM,6:01 PM,No moonrise,2:02 PM,Waning Crescent,46,41.99715
Delhi,2023-09-13 04:15:00.000000 UTC,28.0,82.4,Mist,3.8,6.1,110,ESE,1003,29.62,0.0,0.0,89,50,31.4,88.5,3.0,1,1,5.8,9.4,881.2,20.6,17.1,8.0,49.6,60.2,3,6,6:04 AM,6:30 PM,3:25 AM,5:20 PM,Waning Crescent,8,41.99715
Delhi,2023-09-13 04:15:00.000000 UTC,28.0,82.4,Mist,3.8,6.1,110,ESE,1003,29.62,0.0,0.0,89,50,31.3,88.3,3.0,1,1,5.6,9.0,1815.8,0.0,49.4,30.0,105.8,138.2,4,10,6:04 AM,6:30 PM,3:24 AM,5:20 PM,Waning Crescent,8,41.99715
Delhi,2023-09-16 04:15:00.000000 UTC,28.0,82.4,Mist,4.3,6.8,60,ENE,1005,29.68,0.0,0.0,94,50,31.8,89.3,3.0,1,1,8.9,14.4,1401.9,34.3,24.0,25.5,188.1,206.5,5,10,6:05 AM,6:26 PM,6:06 AM,6:45 PM,Waxing Crescent,0,41.99715
Delhi,2023-09-16 04:15:00.000000 UTC,28.0,82.4,Mist,4.3,6.8,60,ENE,1005,29.68,0.0,0.0,94,50,31.6,88.8,3.0,1,1,8.9,14.4,1281.7,31.5,28.5,26.0,171.5,184.9,5,10,6:06 AM,6:27 PM,6:07 AM,6:46 PM,Waxing Crescent,0,41.99715
Delhi,2023-09-19 04:15:00.000000 UTC,28.0,82.4,Mist,5.6,9.0,90,E,1006,29.71,0.0,0.0,89,50,31.0,87.8,3.0,1,1,8.0,12.8,1014.7,26.5,39.8,43.9,106.5,120.9,4,10,6:07 AM,6:23 PM,8:48 AM,8:10 PM,Waxing Crescent,8,41.99715
Delhi,2023-09-19 04:15:00.000000 UTC,28.0,82.4,Mist,5.6,9.0,90,E,1006,29.71,0.0,0.0,89,50,30.8,87.4,3.0,1,1,8.1,13.1,827.8,37.2,19.0,21.2,90.2,103.4,4,10,6:07 AM,6:23 PM,8:47 AM,8:09 PM,Waxing Crescent,8,41.99715
Delhi,2023-09-04 05:15:00.000000 UTC,28.0,82.4,Mist,3.8,6.1,270,W,1003,29.62,0.0,0.0,79,0,27.8,82.1,3.2,1,1,8.9,14.4,337.1,43.6,9.9,7.3,13.8,27.4,1,2,6:00 AM,6:41 PM,8:57 PM,9:19 AM,Waning Gibbous,88,41.99715
Delhi,2023-09-04 05:15:00.000000 UTC,28.0,82.4,Mist,3.8,6.1,270,W,1003,29.62,0.0,0.0,79,0,28.1,82.7,3.2,1,1,7.4,11.9,921.3,0.6,26.4,16.7,41.6,74.2,3,4,6:00 AM,6:40 PM,8:57 PM,9:19 AM,Waning Gibbous,88,41.99715
Delhi,2023-10-09 02:45:00.000000 UTC,28.0,82.4,Mist,2.2,3.6,10,N,1008,29.77,0.0,0.0,79,0,27.2,81.0,3.0,1,1,12.1,19.5,3177.6,0.0,27.1,21.5,211.9,358.5,5,10,6:17 AM,5:59 PM,12:19 AM,2:44 PM,Waning Crescent,36,41.99715
Delhi,2023-10-09 02:45:00.000000 UTC,28.0,82.4,Mist,2.2,3.6,10,N,1008,29.77,0.0,0.0,79,0,27.1,80.8,3.0,1,1,13.7,22.0,1562.1,0.0,31.9,13.1,101.5,182.6,4,10,6:17 AM,6:00 PM,12:20 AM,2:44 PM,Waning Crescent,36,41.99715
Delhi,2023-09-22 04:15:00.000000 UTC,28.0,82.4,Mist,3.8,6.1,240,WSW,1006,29.71,0.0,0.0,89,50,30.3,86.5,3.0,1,1,3.4,5.4,5607.6,0.0,79.5,63.9,565.7,648.0,6,10,6:08 AM,6:19 PM,11:48 AM,10:06 PM,Waxing Crescent,31,41.99715
Delhi,2023-09-22 04:15:00.000000 UTC,28.0,82.4,Mist,3.8,6.1,240,WSW,1006,29.71,0.0,0.0,89,50,30.2,86.3,3.0,1,1,1.9,3.1,1762.4,0.1,29.5,17.4,153.9,189.8,5,10,6:09 AM,6:19 PM,11:48 AM,10:07 PM,Waxing Crescent,31,41.99715
Delhi,2023-09-07 04:45:00.000000 UTC,28.0,82.4,Mist,4.3,6.8,240,WSW,1006,29.71,0.0,0.0,74,75,29.1,84.4,3.2,1,1,2.9,4.7,1628.9,0.4,23.7,10.3,154.6,193.8,5,10,6:01 AM,6:37 PM,10:55 PM,12:31 PM,Last Quarter,60,41.99715
Delhi,2023-09-07 04:45:00.000000 UTC,28.0,82.4,Mist,4.3,6.8,240,WSW,1006,29.71,0.0,0.0,74,75,29.1,84.4,3.2,1,1,2.0,3.2,4753.1,0.0,24.3,17.4,410.9,466.7,6,10,6:01 AM,6:37 PM,10:56 PM,12:31 PM,Last Quarter,60,41.99715
Delhi,2023-10-10 03:00:00.000000 UTC,28.0,82.4,Mist,2.2,3.6,10,N,1009,29.8,0.0,0.0,58,25,27.3,81.1,3.0,1,1,8.9,14.3,1522.1,0.2,44.6,12.2,96.7,159.0,4,10,6:18 AM,5:59 PM,1:17 AM,3:21 PM,Waning Crescent,28,41.99715
Delhi,2023-10-10 03:00:00.000000 UTC,28.0,82.4,Mist,2.2,3.6,10,N,1009,29.8,0.0,0.0,58,25,27.2,80.9,3.0,1,1,9.4,15.1,5874.6,0.0,72.7,43.4,401.8,525.5,6,10,6:18 AM,5:58 PM,1:16 AM,3:20 PM,Waning Crescent,28,41.99715
Delhi,2023-09-05 05:15:00.000000 UTC,28.0,82.4,Mist,4.3,6.8,60,ENE,1005,29.68,0.0,0.0,79,0,28.9,83.9,3.0,1,1,5.4,8.6,3685.0,0.0,37.7,21.0,220.9,342.7,5,10,6:01 AM,6:40 PM,9:34 PM,10:24 AM,Waning Gibbous,79,41.99715
Delhi,2023-09-05 05:15:00.000000 UTC,28.0,82.4,Mist,4.3,6.8,60,ENE,1005,29.68,0.0,0.0,79,0,29.3,84.8,3.0,1,1,6.3,10.1,2670.3,0.0,30.2,24.1,225.0,317.0,5,10,6:00 AM,6:39 PM,9:33 PM,10:23 AM,Waning Gibbous,79,41.99715
Delhi,2023-08-31 05:30:00.000000 UTC,29.0,84.2,Mist,2.2,3.6,196,SSW,1007,29.74,0.0,0.0,70,25,30.7,87.3,3.5,2,1,5.4,8.6,2670.3,0.0,26.7,37.7,196.8,330.1,5,10,5:58 AM,6:45 PM,6:35 PM,4:43 AM,Full Moon,98,41.99715
Delhi,2023-08-31 05:30:00.000000 UTC,29.0,84.2,Mist,2.2,3.6,211,SSW,1007,29.74,0.0,0.0,70,25,30.4,86.8,3.5,2,1,7.2,11.5,701.0,10.0,24.3,8.5,47.4,97.9,3,5,5:58 AM,6:45 PM,6:35 PM,4:44 AM,Full Moon,98,41.99715
Delhi,2023-09-21 04:15:00.000000 UTC,29.0,84.2,Mist,3.8,6.1,110,ESE,1006,29.71,0.0,0.0,79,50,31.8,89.2,3.2,1,1,6.5,10.5,1842.5,0.0,21.8,12.5,95.2,126.8,4,10,6:08 AM,6:21 PM,10:45 AM,9:22 PM,Waxing Crescent,22,41.99715
Delhi,2023-09-21 04:15:00.000000 UTC,29.0,84.2,Mist,3.8,6.1,110,ESE,1006,29.71,0.0,0.0,79,50,31.5,88.7,3.2,1,1,8.2,13.2,9079.0,0.0,41.1,32.4,617.2,733.1,6,10,6:08 AM,6:20 PM,10:45 AM,9:21 PM,Waxing Crescent,22,41.99715
Delhi,2023-09-06 05:00:00.000000 UTC,29.0,84.2,Mist,2.2,3.6,10,N,1005,29.68,0.0,0.0,75,75,31.5,88.7,3.0,1,1,7.8,12.6,1201.6,43.6,22.3,19.1,114.1,132.5,4,10,6:01 AM,6:38 PM,10:12 PM,11:28 AM,Waning Gibbous,70,41.99715
Delhi,2023-09-06 05:00:00.000000 UTC,29.0,84.2,Mist,2.2,3.6,10,N,1005,29.68,0.0,0.0,75,75,31.6,88.9,3.0,1,1,7.6,12.2,2349.9,0.5,77.5,66.8,196.9,238.8,5,10,6:01 AM,6:38 PM,10:12 PM,11:28 AM,Waning Gibbous,70,41.99715
Delhi,2023-09-01 05:15:00.000000 UTC,29.0,84.2,Mist,4.3,6.8,270,W,1006,29.71,0.0,0.0,79,0,30.6,87.1,3.2,1,1,5.8,9.4,1054.8,1.6,32.9,17.9,64.1,117.3,3,8,5:58 AM,6:44 PM,7:14 PM,5:56 AM,Waning Gibbous,100,41.99715
Delhi,2023-09-01 05:15:00.000000 UTC,29.0,84.2,Mist,4.3,6.8,270,W,1006,29.71,0.0,0.0,79,0,30.3,86.6,3.2,1,1,8.1,13.0,350.5,52.2,9.2,6.4,23.4,53.4,2,2,5:59 AM,6:44 PM,7:14 PM,5:56 AM,Waning Gibbous,100,41.99715
Delhi,2023-09-15 04:15:00.000000 UTC,30.0,86.0,Mist,2.2,3.6,10,N,1004,29.65,0.0,0.0,84,50,34.2,93.6,3.0,1,1,8.5,13.7,1735.7,0.0,42.2,41.0,100.6,130.5,4,10,6:05 AM,6:27 PM,5:13 AM,6:18 PM,New Moon,1,41.99715
Delhi,2023-09-15 04:15:00.000000 UTC,30.0,86.0,Mist,2.2,3.6,10,N,1004,29.65,0.0,0.0,84,50,34.6,94.2,3.0,1,1,8.1,13.0,1134.9,5.4,31.9,26.9,46.6,58.6,3,5,6:05 AM,6:28 PM,5:14 AM,6:19 PM,New Moon,1,41.99715
Delhi,2023-08-30 09:00:00.000000 UTC,30.0,86.0,Mist,6.9,11.2,250,WSW,1008,29.77,0.0,0.0,66,25,30.4,86.8,3.5,2,8,8.5,13.7,350.5,58.7,7.6,8.5,17.2,46.3,2,2,5:58 AM,6:45 PM,6:35 PM,4:44 AM,Full Moon,98,41.99715
Delhi,2023-08-30 09:00:00.000000 UTC,30.0,86.0,Mist,6.9,11.2,250,WSW,1008,29.77,0.0,0.0,66,25,30.5,86.9,3.5,2,8,6.9,11.2,433.9,57.9,10.3,13.7,20.6,56.3,2,2,5:58 AM,6:45 PM,6:35 PM,4:43 AM,Full Moon,98,41.99715
Delhi,2023-08-29 10:45:00.000000 UTC,31.0,87.8,Mist,6.9,11.2,270,W,1006,29.71,0.0,0.0,63,0,31.5,88.8,5.0,3,8,11.6,18.7,407.2,83.0,8.1,14.0,33.2,117.8,2,3,5:57 AM,6:46 PM,5:52 PM,3:30 AM,Waxing Gibbous,93,41.99715
Delhi,2023-08-29 10:45:00.000000 UTC,31.0,87.8,Mist,6.9,11.2,270,W,1006,29.71,0.0,0.0,63,0,31.3,88.4,5.0,3,8,11.2,18.0,327.1,78.7,5.7,8.2,28.6,115.8,2,3,5:58 AM,6:46 PM,5:52 PM,3:31 AM,Waxing Gibbous,93,41.99715
Delhi,2023-09-02 05:30:00.000000 UTC,31.0,87.8,Clear,5.6,9.0,276,W,1004,29.63,0.0,0.0,41,6,31.6,88.9,10.0,6,1,9.2,14.8,734.3,9.2,24.0,12.0,40.2,79.6,2,4,5:59 AM,6:43 PM,7:49 PM,7:05 AM,Waning Gibbous,99,41.99715
Delhi,2023-09-14 20:00:00.000000 UTC,33.0,91.4,Mist,4.3,6.8,130,SE,1003,29.62,0.0,0.0,67,50,37.3,99.1,3.5,2,1,8.5,13.7,2643.6,0.0,67.9,79.2,178.4,246.4,5,10,6:05 AM,6:27 PM,5:13 AM,6:18 PM,New Moon,1,41.99715
Delhi,2023-09-14 20:00:00.000000 UTC,33.0,91.4,Mist,4.3,6.8,130,SE,1003,29.62,0.0,0.0,67,50,37.6,99.7,3.5,2,1,5.8,9.4,1949.3,0.0,67.2,85.8,96.0,118.9,4,10,6:05 AM,6:28 PM,5:14 AM,6:19 PM,New Moon,1,41.99715
Delhi,2023-11-30 01:15:00.000000 UTC,20.2,68.4,Clear,3.8,6.1,67,ENE,1015,29.97,0.0,0.0,49,14,20.2,68.4,10.0,6,1,7.1,11.5,1628.9,0.3,40.8,10.0,140.6,199.0,4,10,6:54 AM,5:24 PM,6:56 PM,8:48 AM,Waning Gibbous,97,41.99715
Delhi,2023-11-30 01:15:00.000000 UTC,20.7,69.3,Clear,3.8,6.1,76,ENE,1015,29.96,0.0,0.0,48,21,20.7,69.3,10.0,6,1,6.8,11.0,2029.4,0.1,48.0,17.9,165.5,208.0,5,10,6:54 AM,5:24 PM,6:57 PM,8:48 AM,Waning Gibbous,97,41.99715
Delhi,2023-09-20 04:15:00.000000 UTC,30.9,87.6,Partly cloudy,3.6,5.8,144,SE,1006,29.7,0.0,0.0,59,32,34.6,94.3,10.0,6,1,5.1,8.2,3578.2,0.0,30.9,28.6,227.8,302.5,5,10,6:07 AM,6:21 PM,9:45 AM,8:42 PM,Waxing Crescent,14,41.99715
Delhi,2023-09-20 04:15:00.000000 UTC,30.3,86.5,Partly cloudy,3.6,5.8,158,SSE,1006,29.7,0.0,0.0,60,30,33.7,92.6,10.0,6,1,5.1,8.3,1508.7,0.0,21.6,14.0,93.1,132.1,4,10,6:08 AM,6:22 PM,9:45 AM,8:43 PM,Waxing Crescent,14,41.99715
Delhi,2023-09-02 05:30:00.000000 UTC,31.3,88.3,Clear,7.8,12.6,274,W,1004,29.64,0.0,0.0,38,6,31.5,88.7,10.0,6,1,12.3,19.8,343.8,44.0,9.2,5.3,21.7,48.6,2,2,5:59 AM,6:43 PM,7:49 PM,7:06 AM,Waning Gibbous,99,41.99715
Delhi,2023-12-02 01:00:00.000000 UTC,20.8,69.5,Partly cloudy,3.8,6.1,348,NNW,1016,29.99,0.0,0.0,49,26,20.9,69.5,10.0,6,1,6.2,9.9,1922.6,0.1,39.8,8.9,164.9,201.0,5,10,6:56 AM,5:24 PM,8:54 PM,10:33 AM,Waning Gibbous,86,41.99715